{"artist:kentaro-miura":{"x":-280.90969734687144,"y":-374.144051128147},"artist:eiichiro-oda":{"x":44.41058131218813,"y":557.7655914862664},"artist:makoto-yukimura":{"x":482.91197931785314,"y":385.6478182777548},"artist:masashi-kishimoto":{"x":78.00350576954611,"y":691.3718677072263},"artist:hajime-isayama":{"x":-534.6121540131599,"y":371.07562674471365},"artist:tite-kubo":{"x":-131.65792559235933,"y":630.2284564862498},"artist:takehiko-inoue":{"x":588.9576084260261,"y":117.69353872009901},"artist:yoshihiro-togashi":{"x":-480.0467661401841,"y":41.36820065487393},"artist:akira-toriyama":{"x":-503.8623194742656,"y":284.7771168292368},"artist:takeshi-obata":{"x":-900,"y":211.2678660424749},"artist:kohei-horikoshi":{"x":-199.02084380788847,"y":900},"artist:norihiro-yagi":{"x":-472.0922275894921,"y":-539.2308719269947},"artist:dubu":{"x":283.9313208373642,"y":-708.859404491066},"artist:fuyuki23":{"x":878.4200646345028,"y":-240.0172500479656},"artist:siu":{"x":632.0281453344032,"y":-398.4824088821258},"artist:sleepy-c":{"x":-0.5196975569848519,"y":-857.1159381667026},"author:kentaro-miura":{"x":100.69928080752027,"y":71.18917291471269},"author:eiichiro-oda":{"x":-34.04816069296771,"y":604.6794114750091},"author:makoto-yukimura":{"x":379.23791489353766,"y":360.5729298428596},"author:masashi-kishimoto":{"x":167.05177432142045,"y":654.7150356862642},"author:hajime-isayama":{"x":-446.90381991308004,"y":348.38907809684815},"author:tite-kubo":{"x":-236.51959505285834,"y":630.677225526026},"author:takehiko-inoue":{"x":617.4022264354796,"y":-97.29537300346328},"author:yoshihiro-togashi":{"x":-444.753964287567,"y":-16.097178256112784},"author:akira-toriyama":{"x":-472.37157268733654,"y":168.9415545955444},"author:tsugumi-ohba":{"x":-867.2719110519884,"y":101.88806033484809},"author:kohei-horikoshi":{"x":-363.56096193517465,"y":840.2993953847922},"author:norihiro-yagi":{"x":-546.0808420005299,"y":-401.57925214891645},"author:chugong":{"x":351.0290457886724,"y":-687.9483416576956},"author:turtleme":{"x":812.6355522829547,"y":64.97971458667541},"author:siu":{"x":536.9397160337733,"y":-485.60983130783353},"author:sing-n-song":{"x":247.0283517683481,"y":-880.791575900615},"category:seinen":{"x":49.06775421453608,"y":-115.27427176575259},"category:mature":{"x":-331.96586039059036,"y":-262.2579836239406},"category:violence":{"x":-83.50901149527783,"y":-433.1840716857464},"category:gore":{"x":-265.95176131603625,"y":-322.59467789386576},"category:shounen":{"x":-222.94798943699652,"y":320.61045765390554},"category:adventure":{"x":36.04255504862158,"y":308.9502397246031},"category:pirates":{"x":131.65758599069068,"y":495.8171343276149},"category:superpowers":{"x":-163.6095538864272,"y":365.8489832941175},"category:historical":{"x":377.3613349606528,"y":184.91594694671767},"category:vikings":{"x":450.6020291354612,"y":308.63046254994015},"category:war":{"x":517.9671969165181,"y":277.742594680946},"category:ninja":{"x":76.99375608187609,"y":740.3937776846774},"category:coming-of-age":{"x":222.24571110600732,"y":589.5195403614437},"category:post-apocalyptic":{"x":-379.5795182873701,"y":512.032441197297},"category:military":{"x":-381.36254782722733,"y":417.0197810574841},"category:survival":{"x":-483.75461793399637,"y":446.5166867695941},"category:soul-reapers":{"x":-267.80834041478647,"y":556.1454312779872},"category:swords":{"x":-299.4873314456727,"y":9.959267974505451},"category:samurai":{"x":553.1801462962649,"y":-11.556084780311835},"category:philosophical":{"x":486.1153693898764,"y":-195.00686101817212},"category:examination":{"x":-425.3852769438413,"y":-73.15810167095026},"category:martial-arts":{"x":-441.74384916665855,"y":280.371914961514},"category:aliens":{"x":-554.3210598528924,"y":327.6409192603646},"category:psychological":{"x":-828.5204365391297,"y":354.0238869827449},"category:detective":{"x":-838.9523195074064,"y":173.88776431963925},"category:supernatural":{"x":-890.9866588387506,"y":313.1427265522168},"category:superheroes":{"x":-285.2725072550097,"y":806.2417119606027},"category:school":{"x":-289.9352375673152,"y":872.6656080085327},"category:dark-fantasy":{"x":-437.48127155908094,"y":-529.1873518610213},"category:female-lead":{"x":-573.5379480207166,"y":-433.9249144099972},"category:manhwa":{"x":376.89068875682483,"y":-357.1681115141355},"category:webtoon":{"x":382.3413343802554,"y":-398.0441930109088},"category:system":{"x":208.72713450783658,"y":-613.1031707718312},"category:leveling":{"x":389.7779681203981,"y":-629.8462226927053},"category:reincarnation":{"x":892.8047970096434,"y":-99.19829804341418},"category:magic":{"x":874.4920331201383,"y":35.71285163794528},"category:tower":{"x":576.7606035323699,"y":-365.41254090835355},"category:tests":{"x":615.6077529972224,"y":-479.93074945701454},"category:apocalypse":{"x":193.9938312474103,"y":-830.3981122556429},"genre:action":{"x":53.105657218321994,"y":6.3014420525720425},"genre:adventure":{"x":115.702224144242,"y":-23.727686221735894},"genre:dark-fantasy":{"x":-168.74808945609323,"y":-336.2614519260077},"genre:drama":{"x":28.50242355846217,"y":-26.77924826030369},"genre:horror":{"x":-247.23582911579206,"y":-72.81308996161181},"genre:supernatural":{"x":-139.7344640945572,"y":-69.99961127291067},"genre:comedy":{"x":-116.68382940101856,"y":422.1939056850158},"genre:fantasy":{"x":85.45232082951782,"y":-21.207507107007814},"genre:shounen":{"x":-246.91468113437043,"y":271.5375078663792},"genre:historical":{"x":403.36147378124974,"y":69.90009906039495},"genre:seinen":{"x":435.18280266511283,"y":133.34678663411933},"genre:martial-arts":{"x":40.35047911227798,"y":190.74556403220708},"genre:mystery":{"x":-143.38437243129522,"y":-30.437259212339995},"genre:psychological":{"x":-849.377958839178,"y":80.08825720924483},"genre:thriller":{"x":-840.5691642538025,"y":266.22120206289264},"genre:superhero":{"x":-69.18008046929071,"y":864.6684868538377},"genre:school":{"x":-139.8597622350935,"y":891.5259792938161},"genre:dungeon":{"x":472.0905945446,"y":-694.2288232065059},"genre:magic":{"x":851.9167315764155,"y":-307.8309943186731},"genre:reincarnation":{"x":828.6758559801272,"y":1.1813809482964643},"genre:survival":{"x":116.32878931884522,"y":-812.8863085318906},"genre:system":{"x":-9.783687742422444,"y":-780.9931489545183},"publication:young-animal":{"x":-140.80868175682417,"y":-422.0169966134472},"publication:weekly-shonen-jump":{"x":-260.5127289222181,"y":323.31726968966404},"publication:monthly-afternoon":{"x":403.9740016503024,"y":410.15617929707855},"publication:bessatsu-shonen-magazine":{"x":-432.51643335588153,"y":489.7396133803222},"publication:morning":{"x":510.28131755107665,"y":-132.83057491244801},"publication:monthly-shonen-jump":{"x":-473.6853894112391,"y":-455.90716926325086},"publication:kakaowebtoon":{"x":492.34064088968034,"y":-650.0348645080369},"publication:tapas-webtoon":{"x":900,"y":-35.8206521754629},"publication:naver-webtoon":{"x":553.8691827333787,"y":-532.0007528055917},"publication:munpia-webtoon":{"x":52.72770627845023,"y":-855.9823834180685},"publisher:hakusensha":{"x":-98.7914471606864,"y":-224.98727144917484},"publisher:shueisha":{"x":-248.89645667757725,"y":191.74355799291425},"publisher:kodansha":{"x":111.20760102394968,"y":176.76695178967793},"publisher:shogakukan":{"x":617.5796755550589,"y":37.07206413883705},"publisher:kakaopage":{"x":419.76271614623624,"y":-744.0044797621501},"publisher:tapas":{"x":891.6093115135443,"y":-174.31590099566802},"publisher:naver":{"x":460.5735681930771,"y":-502.91188764471906},"publisher:munpia":{"x":138.7057103875386,"y":-900},"series:1":{"x":-56.49449970185344,"y":-115.52908613497391},"series:3":{"x":194.97949957100286,"y":139.80280086238622},"series:5":{"x":-201.35675472071875,"y":184.93894816063175},"series:7":{"x":288.7721551273646,"y":1.5168900121676643},"series:12":{"x":-265.0370349272521,"y":-216.6128591197961},"series:2":{"x":-60.1738980610553,"y":272.479159570865},"series:4":{"x":-25.940969316975497,"y":346.64003797547525},